STT,Tên sách,Tác giả,Số phần tri thức,Số ý tưởng,Vì sao hỏng,Link mở sách,ID
1,Bắt Đầu Với Câu Hỏi TẠI SAO,Simon Sinek,0,0,Trắng hoàn toàn — không có nội dung phân tích,https://10kbook.giauco.vn/#/book/3a0da6b5-27ec-4421-9a15-af1f90635ebc,3a0da6b5-27ec-4421-9a15-af1f90635ebc
2,Goethe zertifikat b1,Goethe,0,0,Trắng hoàn toàn — không có nội dung phân tích,https://10kbook.giauco.vn/#/book/d727375a-2624-49a2-ba6e-0d49855df9aa,d727375a-2624-49a2-ba6e-0d49855df9aa
3,Kế Hoạch Kinh Doanh Trong 1 Giờ,John McAdam,0,0,"thiếu phần tri thức (0, cần ≥3) · thiếu ý tưởng (0, cần ≥2)",https://10kbook.giauco.vn/#/book/e8cd96d3-bc75-47a0-b608-15aeb592cbea,e8cd96d3-bc75-47a0-b608-15aeb592cbea
4,Mật Mã Văn Hóa: Bí Mật Của Các Nhóm Thành Công Vượt Trội,Daniel Coyle,0,0,Trắng hoàn toàn — không có nội dung phân tích,https://10kbook.giauco.vn/#/book/6e1205d5-e4b5-48d0-ace1-0a576ff02cff,6e1205d5-e4b5-48d0-ace1-0a576ff02cff
5,Phép Lạ Của Sự Tỉnh Thức,Thích Nhất Hạnh,0,0,Trắng hoàn toàn — không có nội dung phân tích,https://10kbook.giauco.vn/#/book/68806790-9ffd-4bce-8bf0-280eb0648b3e,68806790-9ffd-4bce-8bf0-280eb0648b3e
6,QUYỀN LỰC LÃNH ĐẠO,Tenko,0,0,Trắng hoàn toàn — không có nội dung phân tích,https://10kbook.giauco.vn/#/book/6ccec44b-3cd3-4899-9f6a-6a5990caf799,6ccec44b-3cd3-4899-9f6a-6a5990caf799
7,Quân Vương,Niccolò Machiavelli,0,0,Trắng hoàn toàn — không có nội dung phân tích,https://10kbook.giauco.vn/#/book/a46c22c7-710c-41e0-82ce-02bbfec4eb81,a46c22c7-710c-41e0-82ce-02bbfec4eb81
8,Rich Habits - Poor Habits - Sự Khác Biệt Giữa Người Giàu Và Người Nghèo,"Tom Corley, Michael Yardney",0,0,Trắng hoàn toàn — không có nội dung phân tích,https://10kbook.giauco.vn/#/book/fcf6cee8-1301-4f65-ad2c-00f4edf7e20d,fcf6cee8-1301-4f65-ad2c-00f4edf7e20d
9,Sapiens: Lược Sử Loài Người,Yuval Noah Harari,0,0,Trắng hoàn toàn — không có nội dung phân tích,https://10kbook.giauco.vn/#/book/fe4a1fd6-cacf-4f10-9094-9295408cb481,fe4a1fd6-cacf-4f10-9094-9295408cb481
10,Sách Siêu Cò - How To Be A Power Connector,Judy Robinett,0,0,"thiếu phần tri thức (0, cần ≥3) · thiếu ý tưởng (0, cần ≥2) · thiếu câu tóm ý",https://10kbook.giauco.vn/#/book/792f278d-5241-4ce4-a6ff-b7be29617f61,792f278d-5241-4ce4-a6ff-b7be29617f61
11,Sống trong thế giới đàn ông,,0,0,Trắng hoàn toàn — không có nội dung phân tích,https://10kbook.giauco.vn/#/book/ae8818b9-d2cc-45d6-b3b9-2563f2989e47,ae8818b9-d2cc-45d6-b3b9-2563f2989e47
12,Sự Thật Mất Lòng Về Đàn Ông Đàn Bà Và Tiền Bạc,Kevin O'Leary,0,0,Trắng hoàn toàn — không có nội dung phân tích,https://10kbook.giauco.vn/#/book/fe1f4e04-647c-42c9-9b9c-52fdf2ddeae7,fe1f4e04-647c-42c9-9b9c-52fdf2ddeae7
13,The E-Myth Revisited - Để Xây Dựng Doanh Nghiệp Hiệu Quả,Michael E. Gerber,0,0,"thiếu phần tri thức (0, cần ≥3) · thiếu ý tưởng (0, cần ≥2)",https://10kbook.giauco.vn/#/book/33194701-fda6-4b66-b382-a3677b14aa6d,33194701-fda6-4b66-b382-a3677b14aa6d
14,The Guide To Going Viral,Brendan Kane,0,0,Trắng hoàn toàn — không có nội dung phân tích,https://10kbook.giauco.vn/#/book/e612df39-05de-4e48-a87a-df2e753b115a,e612df39-05de-4e48-a87a-df2e753b115a
15,Thinkertoys,Michael Michalko,0,0,Trắng hoàn toàn — không có nội dung phân tích,https://10kbook.giauco.vn/#/book/cc5c835a-79d9-4906-83f6-67b1a4e609e3,cc5c835a-79d9-4906-83f6-67b1a4e609e3
16,Trí Tuệ Cảm Xúc - Emotional Intelligence,Daniel Goleman,0,0,Trắng hoàn toàn — không có nội dung phân tích,https://10kbook.giauco.vn/#/book/958b900f-2a45-49bf-abc2-cdaef5786aff,958b900f-2a45-49bf-abc2-cdaef5786aff
17,100M Lead,Alex Homozi,1,2,"thiếu phần tri thức (1, cần ≥3)",https://10kbook.giauco.vn/#/book/f489171d-c5f6-4a05-8a91-8059795dcb43,f489171d-c5f6-4a05-8a91-8059795dcb43
18,Hành Trình Về Phương Đông,Baird T. Spalding,0,10,"thiếu phần tri thức (0, cần ≥3) · thiếu câu tóm ý",https://10kbook.giauco.vn/#/book/e2b06b92-2359-44a5-b533-e0d0797be146,e2b06b92-2359-44a5-b533-e0d0797be146
19,50 Điều Trường Học Không Dạy Bạn Và 20 Điều Cần Làm Trước Khi Rời Ghế Nhà Trường,,0,11,"thiếu phần tri thức (0, cần ≥3)",https://10kbook.giauco.vn/#/book/144d3ece-c6ca-4c0b-b5d8-98161b528476,144d3ece-c6ca-4c0b-b5d8-98161b528476
20,Bán Hàng Đỉnh Cao,Zig Ziglar,12,0,"thiếu ý tưởng (0, cần ≥2)",https://10kbook.giauco.vn/#/book/6f167444-5039-47ef-ba57-2ebf22d0afad,6f167444-5039-47ef-ba57-2ebf22d0afad
21,Bí Mật tìm kiếm cổ phiếu ngoại hạng,đỰng tấn tài - trần sĩ việt,15,0,"thiếu ý tưởng (0, cần ≥2)",https://10kbook.giauco.vn/#/book/1b0c410f-cc95-453e-905f-2cb93934da94,1b0c410f-cc95-453e-905f-2cb93934da94
22,Chiến Thắng Con Quỷ Trong Bạn,Napoleon Hill,15,0,"thiếu ý tưởng (0, cần ≥2)",https://10kbook.giauco.vn/#/book/d7defedf-e45e-41fe-ace0-f3072b2e9255,d7defedf-e45e-41fe-ace0-f3072b2e9255
23,Câu Lạc Bộ 5 Giờ Sáng,Robin Sharma,15,0,"thiếu ý tưởng (0, cần ≥2)",https://10kbook.giauco.vn/#/book/50e175a4-005d-4618-978c-9d92d54afe7f,50e175a4-005d-4618-978c-9d92d54afe7f
24,Dọn Dẹp Căn Nhà Và Đời Người,Marie Kondo,15,0,"thiếu ý tưởng (0, cần ≥2)",https://10kbook.giauco.vn/#/book/6db59561-d7ce-4e00-ac31-3a55b6775250,6db59561-d7ce-4e00-ac31-3a55b6775250
25,Ego Is The Enemy - Bản Ngã Là Kẻ Thù,Ryan Holiday,15,0,"thiếu ý tưởng (0, cần ≥2)",https://10kbook.giauco.vn/#/book/93bb5a8f-8286-40ce-9855-4222fdb4c586,93bb5a8f-8286-40ce-9855-4222fdb4c586
26,Làm Ra Làm Chơi Ra Chơi - Deep Work,Cal Newport,15,0,"thiếu ý tưởng (0, cần ≥2)",https://10kbook.giauco.vn/#/book/67c0cfa6-a580-403b-bab2-45f83c0cb29e,67c0cfa6-a580-403b-bab2-45f83c0cb29e
27,Nonviolent Communication - Giao Tiếp Bất Bạo Động,Marshall Rosenberg,15,0,"thiếu ý tưởng (0, cần ≥2)",https://10kbook.giauco.vn/#/book/0ba9a76d-87ff-41da-b847-d38445512625,0ba9a76d-87ff-41da-b847-d38445512625
28,Super Thinking - Siêu Tư Duy,Gabriel Weinberg,15,0,"thiếu ý tưởng (0, cần ≥2)",https://10kbook.giauco.vn/#/book/abcbbfec-48d9-4db9-a494-1e7950c191a2,abcbbfec-48d9-4db9-a494-1e7950c191a2
29,Tư Duy Làm Giàu Của Người Do Thái,Đức Anh,15,0,"thiếu ý tưởng (0, cần ≥2)",https://10kbook.giauco.vn/#/book/49873d78-e94a-451b-82d3-70b5193ac72d,49873d78-e94a-451b-82d3-70b5193ac72d
30,Ăn kiêng cũng phải sướng,Vũ Thế Thành,15,0,"thiếu ý tưởng (0, cần ≥2)",https://10kbook.giauco.vn/#/book/9d4e5b12-63c1-4e1c-878d-bdbdd57d01ef,9d4e5b12-63c1-4e1c-878d-bdbdd57d01ef
31,Outlive - Sống Lâu Hơn,Peter Attia,15,12,thiếu câu tóm ý,https://10kbook.giauco.vn/#/book/aac5be8b-f604-4c8e-967b-12c1f9b7c078,aac5be8b-f604-4c8e-967b-12c1f9b7c078
